,추정EPS(2023),EPS(3년 평균),EV/EVIBTA
095570,350.0,846.0,4.19
006840,,-5924.333333333333,
027410,,417.0,
282330,11444.0,8133.333333333333,3.83
138930,2329.0,1915.0,
001460,,30128.0,
001465,,30128.0,
001040,5963.0,5877.0,3.73
079160,-952.0,-8308.333333333334,9.61
00104K,5963.0,5877.0,3.73
000120,9279.0,3178.0,5.63
011150,,56.666666666666664,
011155,,56.666666666666664,
001045,5963.0,5877.0,3.73
097950,22504.0,29525.333333333332,5.21
097955,22504.0,29525.333333333332,5.21
000480,,691.6666666666666,
000590,,9504.666666666666,
012030,,53.666666666666664,
016610,,2059.3333333333335,
005830,28249.0,8464.333333333334,
000990,5534.0,4400.0,4.28
139130,2805.0,2271.3333333333335,
001530,561.0,926.6666666666666,26.87
000210,-7348.0,21626.0,10.82
001880,2295.0,7182.333333333333,-2.04
000215,-7348.0,21626.0,10.82
375500,5985.0,13556.0,0.89
37550L,5985.0,13556.0,0.89
37550K,5985.0,13556.0,0.89
007340,,6422.666666666667,
004840,,119.66666666666667,
155660,,624.0,
069730,,455.0,
017940,35481.0,7234.0,5.58
365550,,112.66666666666667,
383220,12046.0,8852.0,4.49
007700,,33377.0,
114090,965.0,-567.0,5.85
078930,14855.0,6160.666666666667,3.27
006360,-1590.0,4745.0,37.16
001250,,-299.3333333333333,
007070,1792.0,4292.333333333333,4.58
078935,14855.0,6160.666666666667,3.27
012630,,2642.3333333333335,
039570,462.0,373.6666666666667,
089470,,389.0,
294870,2447.0,4838.0,8.18
009540,4082.0,-7531.333333333333,11.27
267250,7111.0,-2455.3333333333335,4.22
267270,11271.0,1811.0,3.06
322000,1625.0,916.6666666666666,6.71
042670,1657.0,1231.6666666666667,3.19
267260,5109.0,-4245.333333333333,8.95
329180,530.0,-6308.333333333333,35.34
097230,,1481.6666666666667,
014790,468.0,1438.0,13.19
003580,,-707.6666666666666,
204320,3844.0,2012.0,4.61
060980,9251.0,6090.0,4.81
011200,1550.0,4092.6666666666665,1.29
082740,-18.0,-523.3333333333334,23.87
035000,,837.0,
003560,,-3234.6666666666665,
175330,3090.0,2051.0,
234080,1446.0,1098.0,4.91
001060,1436.0,-570.6666666666666,7.12
001067,1436.0,-570.6666666666666,7.12
001065,1436.0,-570.6666666666666,7.12
096760,,-102.66666666666667,
105560,12474.0,8956.333333333334,
432320,,-86.5,
002380,9959.0,13616.0,7.13
344820,,11067.5,
009070,,449.3333333333333,
009440,,-388.0,
119650,,-944.0,
092220,,-147.66666666666666,
003620,,-24033.333333333332,
016380,1842.0,548.0,
001390,,1085.3333333333333,
033180,,-641.3333333333334,
015590,38.0,-11.333333333333334,10.91
001940,,3477.3333333333335,
025000,,10542.0,
092230,,17442.0,
000040,,-353.6666666666667,
044450,,1331.0,
030200,4609.0,3358.3333333333335,3.08
033780,6861.0,7730.666666666667,7.43
058850,,284.0,
058860,,397.6666666666667,
093050,2059.0,2320.6666666666665,1.27
003550,9845.0,9991.333333333334,5.23
034220,-7395.0,-1619.3333333333333,10.28
051900,15473.0,45533.0,6.49
051905,15473.0,45533.0,6.49
373220,7237.0,842.5,21.93
003555,9845.0,9991.333333333334,5.23
032640,1510.0,1235.3333333333333,2.73
011070,24621.0,17277.333333333332,3.94
066570,8758.0,5587.666666666667,3.13
066575,8758.0,5587.666666666667,3.13
037560,483.0,-1636.0,2.83
051910,22948.0,19144.0,6.93
051915,22948.0,19144.0,6.93
079550,7222.0,2517.0,8.63
006260,11019.0,4451.0,5.91
010120,7134.0,3042.0,4.93
000680,,-143.0,
229640,210.0,413.6666666666667,16.99
108320,6182.0,8351.333333333334,5.04
001120,6796.0,5815.666666666667,2.47
108670,8443.0,-1748.6666666666667,3.76
108675,8443.0,-1748.6666666666667,3.76
383800,1363.0,-553.0,2.58
38380K,1363.0,-553.0,2.58
023150,,551.6666666666666,
035420,6459.0,36678.333333333336,16.46
181710,1834.0,1338.6666666666667,1.49
400760,,76.33333333333333,
005940,1648.0,2190.6666666666665,
005945,1648.0,2190.6666666666665,
338100,,242.0,
034310,,917.3333333333334,
030190,907.0,783.3333333333334,4.16
008260,,473.0,
004250,,471.6666666666667,
004255,,471.6666666666667,
456040,3017.0,,15.31
010060,36503.0,-5491.0,1.02
178920,85.0,1401.0,32.01
005490,30378.0,38440.333333333336,5.44
010950,9900.0,1852.0,4.36
010955,9900.0,1852.0,4.36
034120,3336.0,1692.0,3.39
005090,3588.0,2982.3333333333335,5.77
001380,,-52.333333333333336,
004060,,76.33333333333333,
001770,,1988.0,
002360,,-28.0,
009160,,685.0,
123700,,298.3333333333333,
025530,,247.33333333333334,
034730,12260.0,13456.666666666666,4.76
011790,-4639.0,2804.0,60.55
018670,28942.0,24321.666666666668,5.01
001740,164.0,2.0,5.05
006120,,10791.0,
006125,,10791.0,
210980,6713.0,3615.6666666666665,6.32
068400,,546.3333333333334,
395400,,26.0,
302440,-182.0,1868.3333333333333,5079.43
326030,-556.0,-1238.0,-193.35
402340,-10321.0,16134.0,-3.24
361610,441.0,1910.6666666666667,37.0
100090,1049.0,-643.3333333333334,9.93
03473K,12260.0,13456.666666666666,4.76
096770,6729.0,-6652.0,7.46
096775,6729.0,-6652.0,7.46
001510,,58.0,
001515,,58.0,
285130,2788.0,7319.0,
28513K,2788.0,7319.0,
017670,4915.0,4256.0,3.6
000660,-10988.0,7492.333333333333,19.87
003570,1281.0,842.0,
064960,7710.0,3122.6666666666665,1.49
100840,,1676.0,
036530,5888.0,3621.6666666666665,-2.83
005610,6714.0,1861.3333333333333,4.81
011810,,-804.0,
465770,,,
077970,,506.6666666666667,
071970,651.0,-505.0,15.84
002820,,-2129.6666666666665,
084870,,-2485.0,
002710,,458.6666666666667,
069260,3285.0,1595.0,4.01
002900,,305.3333333333333,
024070,,27.333333333333332,
037270,423.0,62.0,5.95
000500,,1307.0,
000860,,4260.333333333333,
035250,1368.0,75.33333333333333,6.35
011420,,40.0,
002100,,525.3333333333334,
009450,,3748.0,
267290,,3712.3333333333335,
012320,,5495.333333333333,
000050,,959.6666666666666,
214390,,100.0,
012610,,238.33333333333334,
009140,,1123.3333333333333,
013580,5330.0,12000.666666666666,3.9
012200,,6.0,
012205,,6.0,
002140,,212.0,
010130,24122.0,35553.0,10.58
002240,,1835.3333333333333,
009290,,587.6666666666666,
017040,,142.33333333333334,
017900,,-7.666666666666667,
037710,,5967.666666666667,
030610,,2193.0,
339770,725.0,1237.6666666666667,5.89
007690,2625.0,9409.666666666666,8.64
005320,,-22.0,
001140,,-3629.6666666666665,
002720,,-65.0,
083420,,442.6666666666667,
014530,,320.0,
014280,,83.66666666666667,
014285,,83.66666666666667,
008870,,2263.0,
001570,,-18.666666666666668,
002990,297.0,1684.3333333333333,5.24
002995,297.0,1684.3333333333333,5.24
011780,13276.0,28298.333333333332,5.0
011785,13276.0,28298.333333333332,5.0
214330,,-77.66666666666667,
001210,,-2111.6666666666665,
073240,381.0,-229.33333333333334,6.12
092440,,308.0,
000270,23432.0,6640.0,1.25
024110,3497.0,2476.6666666666665,
013700,,145.33333333333334,
004540,,304.3333333333333,
004545,,304.3333333333333,
001260,,1333.0,
008350,,201.0,
008355,,201.0,
004270,,-48.333333333333336,
003920,,-30652.0,
003925,,-30652.0,
025860,,421.0,
005720,,577.3333333333334,
005725,,577.3333333333334,
002350,1313.0,340.0,6.14
002355,1313.0,340.0,6.14
092790,,104.66666666666667,
251270,-980.0,2755.0,60.03
090350,,836.3333333333334,
090355,,836.3333333333334,
000320,890.0,498.3333333333333,2.24
000325,890.0,498.3333333333333,2.24
006280,-250.0,5722.333333333333,19.07
005250,,1542.3333333333333,
005257,,1542.3333333333333,
004370,31621.0,17500.0,5.24
072710,,11071.333333333334,
058730,,-180.0,
030210,,1424.0,
023590,,6218.666666666667,
145210,,-7052.666666666667,
019680,-298.0,-142.0,9.33
019685,-298.0,-142.0,9.33
006370,,-1340.3333333333333,
008060,,1239.6666666666667,
00806K,,1239.6666666666667,
353200,598.0,485.5,7.44
35320K,598.0,485.5,7.44
000490,1777.0,797.3333333333334,
008110,,508.3333333333333,
005750,,32.333333333333336,
006570,,-526.6666666666666,
001680,2210.0,3483.6666666666665,5.69
001685,2210.0,3483.6666666666665,5.69
084690,,1919.0,
084695,,1919.0,
128820,,-181.66666666666666,
117580,,473.6666666666667,
016710,,1508.6666666666667,
003540,2138.0,3301.3333333333335,
003547,2138.0,3301.3333333333335,
003545,2138.0,3301.3333333333335,
009190,,156.33333333333334,
014160,,74.66666666666667,
047040,1275.0,783.6666666666666,2.57
009320,,-43.0,
003090,2981.0,1368.0,4.29
069620,6697.0,1705.0,9.47
000430,703.0,14.333333333333334,3.82
006340,,12.666666666666666,
006345,,12.666666666666666,
003220,1455.0,792.3333333333334,7.89
024890,,-27.0,
002880,,-20.0,
000300,,-10.666666666666666,
012800,,137.66666666666666,
015230,,634.0,
001070,,-714.3333333333334,
006650,-4491.0,19667.666666666668,8.96
001440,,66.66666666666667,
084010,3030.0,2981.3333333333335,
001790,,199.33333333333334,
001795,,199.33333333333334,
001130,,24700.333333333332,
003490,3347.0,-1157.6666666666667,3.43
003495,3347.0,-1157.6666666666667,3.43
005880,392.0,408.3333333333333,6.5
003830,,15838.333333333334,
016090,,338.3333333333333,
069460,,-61.333333333333336,
192080,8240.0,6331.666666666667,1.5
012510,1052.0,1727.3333333333333,11.96
004830,,190.0,
004835,,190.0,
024900,,-104.0,
145720,8384.0,2795.3333333333335,10.04
002150,,496.6666666666667,
460850,856.0,,4.36
460860,5673.0,,3.86
001230,,1911.0,
023450,,3642.0,
004140,,35.333333333333336,
007590,,493.3333333333333,
005960,-190.0,3292.6666666666665,15.43
005965,-190.0,3292.6666666666665,15.43
026960,,1228.0,
002210,,-344.3333333333333,
102260,,215.0,
000640,10305.0,13091.333333333334,7.87
170900,1979.0,4289.666666666667,11.59
028100,,746.3333333333334,
282690,,1324.6666666666667,
001520,,-10.666666666666666,
001527,,-10.666666666666666,
084670,,-869.3333333333334,
082640,,1055.3333333333333,
001525,,-10.666666666666666,
008970,,14.0,
092780,,249.66666666666666,
049770,5503.0,3681.3333333333335,4.31
018500,,82.66666666666667,
006040,,9433.0,
030720,,738.0,
014820,2071.0,1650.6666666666667,8.32
014825,2071.0,1650.6666666666667,8.32
111380,4506.0,1424.0,
163560,,518.3333333333334,
004890,,7634.666666666667,
002690,,186.33333333333334,
000020,,662.3333333333334,
000150,2366.0,634.0,2.84
000157,2366.0,634.0,2.84
454910,-206.0,-335.3333333333333,-785.75
241560,8874.0,3010.3333333333335,2.54
034020,531.0,-1538.6666666666667,7.0
000155,2366.0,634.0,2.84
336260,70.0,314.0,55.32
33626K,70.0,314.0,55.32
33626L,70.0,314.0,55.32
016740,,336.0,
192650,393.0,607.0,7.18
024090,,2683.0,
003160,283.0,226.66666666666666,14.42
092200,,-1349.3333333333333,
377190,,43.333333333333336,
013570,,-29.666666666666668,
210540,,2280.6666666666665,
115390,,275.0,
032350,-1885.0,-1430.3333333333333,36.3
089860,3660.0,2108.0,3.67
330590,,70.66666666666667,
000400,,2.6666666666666665,
023530,7006.0,-23266.666666666668,7.27
020150,-423.0,1101.3333333333333,20.52
280360,10475.0,5919.0,5.52
004000,9727.0,12307.666666666666,2.1
286940,3012.0,2623.3333333333335,3.47
004990,858.0,-785.0,8.32
00499K,858.0,-785.0,8.32
005300,13628.0,-1318.6666666666667,6.61
005305,13628.0,-1318.6666666666667,6.61
011170,953.0,20418.333333333332,11.08
071840,-4307.0,-1816.3333333333333,6.04
027740,,-907.0,
357430,,273.0,
001080,,407.0,
088980,,,
094800,,,
138040,11293.0,4105.666666666667,
090370,,-1699.6666666666667,
017180,,-645.3333333333334,
009900,3053.0,-133.0,3.64
012690,,124.0,
005360,,298.3333333333333,
204210,,258.0,
009680,,385.6666666666667,
009580,,107.0,
009200,,-436.3333333333333,
033920,,244.66666666666666,
008420,,591.3333333333334,
025560,,-133.0,
007120,,228.0,
396690,,-70.5,
357250,,42.333333333333336,
085620,,456.0,
006800,766.0,1096.3333333333333,
00680K,766.0,1096.3333333333333,
006805,766.0,1096.3333333333333,
002840,,9382.333333333334,
268280,,9978.333333333334,
107590,,9476.666666666666,
134380,,5863.666666666667,
003650,,13516.666666666666,
377740,-743.0,4308.333333333333,-1.37
003610,,142.0,
001340,,305.0,
035150,1590.0,141.33333333333334,4.62
002410,,460.6666666666667,
007210,556.0,-43.0,3.85
002760,,15.333333333333334,
003850,647.0,544.6666666666666,7.44
000890,,-58.0,
003000,,-71.66666666666667,
001270,,4123.333333333333,
001275,,4123.333333333333,
026940,,190.66666666666666,
011390,,1421.0,
005030,,-341.6666666666667,
002070,,-1101.6666666666667,
100220,,64.0,
090460,3262.0,1660.0,4.39
030790,,-5476.0,
005180,8357.0,1915.3333333333333,2.08
003960,,7028.0,
008040,,30.333333333333332,
007160,,2630.0,
014710,,233.0,
006090,,1678.3333333333333,
001470,,-29.0,
448730,,-143.0,
006400,27713.0,9951.0,9.42
006405,27713.0,9951.0,9.42
006660,,314.3333333333333,
028260,12361.0,6543.333333333333,5.94
02826K,12361.0,6543.333333333333,5.94
207940,11445.0,3406.0,33.49
032830,9475.0,6187.666666666667,
018260,9428.0,7716.0,5.69
028050,3996.0,1608.3333333333333,2.91
009150,6201.0,8636.666666666666,6.85
009155,6201.0,8636.666666666666,6.85
005930,1560.0,4261.333333333333,7.98
005935,1560.0,4261.333333333333,7.98
001360,,-380.6666666666667,
010140,171.0,-2066.6666666666665,19.13
016360,7432.0,6961.333333333333,
068290,,2041.6666666666667,
029780,4894.0,3722.6666666666665,
000810,40960.0,16613.333333333332,
000815,40960.0,16613.333333333332,
006110,,624.6666666666666,
145990,,4140.333333333333,
145995,,4140.333333333333,
003230,16273.0,8102.666666666667,9.16
002170,,14139.0,
272550,,2134.3333333333335,
000070,,13940.333333333334,
000075,,13940.333333333334,
003720,365.0,16.333333333333332,16.22
002810,,1839.6666666666667,
005680,785.0,616.6666666666666,-10.03
023000,,228.0,
004380,,306.6666666666667,
002450,,178.0,
004440,,-41.0,
000520,,-71.66666666666667,
009770,,5219.0,
005500,,1634.6666666666667,
004690,4439.0,10630.0,6.37
010960,,721.3333333333334,
004450,,1743.3333333333333,
009470,,1076.0,
011230,,-267.6666666666667,
001820,2487.0,2610.0,6.26
000390,,100.33333333333333,
001290,,8.666666666666666,
041650,,173.66666666666666,
075180,,206.0,
007540,,4847.333333333333,
248170,,6316.0,
007860,,-591.3333333333334,
200880,5550.0,-758.3333333333334,2.37
017390,,11233.333333333334,
004410,,-9.666666666666666,
004415,,-9.666666666666666,
021050,,102.33333333333333,
008490,1150.0,3988.0,7.65
007610,,-357.0,
136490,,1920.0,
014910,,1.6666666666666667,
014915,,1.6666666666666667,
003080,,-124.66666666666667,
004980,1544.0,449.6666666666667,6.77
004985,1544.0,449.6666666666667,6.77
011300,,-151.33333333333334,
000180,,1.3333333333333333,
002420,,-342.6666666666667,
004360,,1329.6666666666667,
004365,,1329.6666666666667,
004490,,5450.666666666667,
001430,4543.0,-398.0,4.54
306200,63260.0,17547.0,0.96
003030,84507.0,15289.333333333334,1.48
019440,,1271.0,
058650,,-6828.666666666667,
013000,,13.0,
091090,,-463.0,
021820,,702.6666666666666,
067830,,321.3333333333333,
033530,,-263.0,
075580,326.0,121.0,14.51
068270,4753.0,3196.0,22.17
336370,611.0,151.33333333333334,-6796.12
33637K,611.0,151.33333333333334,-6796.12
33637L,611.0,151.33333333333334,-6796.12
248070,2536.0,756.0,7.95
004430,2021.0,1867.6666666666667,4.92
126720,2968.0,3641.6666666666665,-0.51
017550,,96.33333333333333,
053210,718.0,1198.6666666666667,1.59
026890,,705.6666666666666,
134790,,6349.0,
016590,,1260.3333333333333,
029530,,3191.3333333333335,
004970,,1302.3333333333333,
011930,121.0,-47.0,18.44
005390,,245.0,
004170,30400.0,24708.333333333332,4.17
035510,,2173.3333333333335,
034300,,4658.666666666667,
031430,1572.0,1932.6666666666667,6.35
031440,3503.0,-1309.6666666666667,6.1
006880,,-682.3333333333334,
005800,,455.0,
001720,,6074.666666666667,
001725,,6074.666666666667,
009270,,21.666666666666668,
002700,,95.33333333333333,
002870,,406.0,
019170,,-7.666666666666667,
019175,,-7.666666666666667,
404990,,68.33333333333333,
293940,,58.666666666666664,
055550,8939.0,7090.333333333333,
004080,,925.6666666666666,
102280,,-132.33333333333334,
003410,365.0,300.6666666666667,7.95
004770,,106.33333333333333,
403550,-1240.0,-1885.6666666666667,8.78
004920,,-202.66666666666666,
112610,1516.0,1106.6666666666667,12.15
308170,,585.6666666666666,
008700,,82.33333333333333,
002790,1302.0,1160.3333333333333,2.29
00279K,1302.0,1160.3333333333333,2.29
002795,1302.0,1160.3333333333333,2.29
090430,2544.0,2258.3333333333335,18.46
090435,2544.0,2258.3333333333335,18.46
002030,,29691.666666666668,
183190,2036.0,1250.0,
002310,9920.0,7692.333333333333,1.43
012170,,-4807.333333333333,
267850,,304.3333333333333,
020560,-726.0,-7040.333333333333,
122900,419.0,726.3333333333334,2.54
010780,6654.0,3186.3333333333335,4.67
139990,-469.0,819.3333333333334,19.35
001780,,-79.33333333333333,
018250,1836.0,870.0,4.15
161000,637.0,1521.0,10.58
011090,,-14.0,
137310,-3072.0,5906.666666666667,-17.06
118000,,55.666666666666664,
005850,6770.0,1761.3333333333333,2.45
010580,,-825.3333333333334,
012750,4291.0,3664.3333333333335,4.4
023960,,-228.33333333333334,
298690,521.0,-4021.6666666666665,2.29
140910,,1295.0,
078520,,-1761.3333333333333,
015260,,-977.3333333333334,
007460,,-839.3333333333334,
003060,,4.0,
244920,502.0,707.0,
450080,374.0,307.3333333333333,
036570,9472.0,20384.666666666668,17.62
380440,,23.0,
085310,,-64.33333333333333,
900140,,-317.3333333333333,
097520,1564.0,3048.3333333333335,6.81
014440,,191.0,
111770,12147.0,4604.0,1.19
009970,27722.0,10917.333333333334,
003520,,-12.0,
000670,,88639.33333333333,
006740,,156.0,
012280,,-177.0,
012160,,-55.0,
015360,,-1464.0,
007310,39922.0,30465.0,
002630,,10.333333333333334,
271560,9219.0,6246.333333333333,5.3
001800,,1127.3333333333333,
011690,91.0,-3814.0,
070960,-42.0,-157.33333333333334,11.03
316140,3909.0,2719.3333333333335,
006980,,1282.0,
017370,725.0,-406.6666666666667,7.08
105840,546.0,228.0,7.56
010400,,29.666666666666668,
049800,,278.0,
016880,,-764.0,
095720,89.0,-320.0,4.09
005820,,2955.0,
010600,,-755.0,
008600,,-298.3333333333333,
033270,,1770.0,
014830,1792.0,12263.666666666666,8.44
446070,,,
000910,,160.0,
047400,,12.0,
011330,,148.33333333333334,
077500,,1367.3333333333333,
002920,,244.0,
000700,,1383.3333333333333,
003470,,528.0,
003475,,528.0,
072130,,230.0,
000220,,94.66666666666667,
000225,,94.66666666666667,
000227,,94.66666666666667,
001200,,713.6666666666666,
000100,1120.0,1436.3333333333333,38.16
000105,1120.0,1436.3333333333333,38.16
003460,,94.33333333333333,
003465,,94.33333333333333,
008730,,629.6666666666666,
008250,,430.0,
025820,,195.66666666666666,
214320,2534.0,1691.6666666666667,1.15
088260,,144.0,
139480,-587.0,25906.0,6.82
457190,,,
007660,812.0,-765.6666666666666,22.24
005950,,-388.0,
015020,,96.66666666666667,
093230,,-102.66666666666667,
074610,,-617.3333333333334,
102460,,272.3333333333333,
084680,,-37.0,
350520,,1257.6666666666667,
334890,,804.0,
000760,,4750.333333333333,
014990,,-242.33333333333334,
101140,,-334.0,
006490,,-39.666666666666664,
023800,,-175.33333333333334,
034590,,1966.6666666666667,
129260,,-79.33333333333333,
023810,,8.666666666666666,
249420,,-1767.0,
000230,,-3250.3333333333335,
013360,,64.0,
003120,,214.66666666666666,
003200,,1110.3333333333333,
007110,,6.333333333333333,
007570,,601.3333333333334,
007575,,601.3333333333334,
008500,,-7339.333333333333,
081000,,629.3333333333334,
020760,,-962.0,
103590,,210.0,
271940,97.0,402.6666666666667,18151.53
015860,446.0,289.0,0.46
226320,,-552.6666666666666,
317400,1000.0,793.6666666666666,-0.13
033240,-1294.0,277.6666666666667,-80.3
000950,,-6784.333333333333,
348950,,90.33333333333333,
194370,4570.0,1470.3333333333333,2.54
025620,,-22527.666666666668,
030000,1864.0,1335.3333333333333,4.74
271980,,-358.0,
001560,,524.6666666666666,
002620,,-1722.3333333333333,
006220,,662.6666666666666,
089590,1492.0,-4625.666666666667,3.75
004910,,-579.3333333333334,
004700,,2274.0,
001550,,303.6666666666667,
462520,,,
120030,,9687.333333333334,
018470,,-335.3333333333333,
002600,,17465.333333333332,
185750,14485.0,4992.333333333333,6.19
063160,,723.0,
001630,6986.0,9294.666666666666,
044380,,-22.666666666666668,
013890,1254.0,3143.6666666666665,10.96
013870,,74.0,
071320,-14020.0,685.6666666666666,26.51
088790,,-26.0,
003780,,465.6666666666667,
010640,,432.0,
100250,,305.3333333333333,
051630,,-89.0,
272450,2153.0,-3228.6666666666665,2.24
011000,,-240.33333333333334,
002780,,214.0,
002787,,214.0,
002785,,214.0,
009310,,-112.0,
000650,,-1541.0,
012600,,-1272.3333333333333,
033250,,-128.33333333333334,
035720,588.0,923.3333333333334,17.54
323410,729.0,275.6666666666667,
377300,-35.0,-361.0,232.04
006380,,-1185.3333333333333,
109070,,-1943.3333333333333,
001620,,-163.33333333333334,
029460,,3659.6666666666665,
281820,1387.0,2000.6666666666667,7.12
381970,717.0,658.3333333333334,6.05
145270,,194.66666666666666,
417310,,61.666666666666664,
357120,,197.66666666666666,
007815,-566.0,833.6666666666666,20.57
007810,-566.0,833.6666666666666,20.57
00781K,-566.0,833.6666666666666,20.57
003690,,975.6666666666666,
192820,6814.0,4020.3333333333335,9.5
044820,,281.3333333333333,
005070,699.0,304.3333333333333,96.35
005420,,-343.6666666666667,
071950,,-52.333333333333336,
002020,,5919.0,
003070,2065.0,3361.6666666666665,10.01
003075,2065.0,3361.6666666666665,10.01
450140,,,
45014K,,,
002025,,5919.0,
120110,2589.0,4755.666666666667,7.86
120115,2589.0,4755.666666666667,7.86
138490,687.0,264.6666666666667,5.04
021240,6706.0,5435.666666666667,3.51
036420,-3304.0,-3804.0,10.4
031820,,11.0,
192400,,2957.6666666666665,
284740,,3764.0,
264900,,1209.3333333333333,
26490K,,1209.3333333333333,
005740,,142.66666666666666,
005745,,142.66666666666666,
259960,13658.0,10783.333333333334,10.13
020120,,94.33333333333333,
039490,16268.0,24927.0,
014580,,217.66666666666666,
015890,,483.6666666666667,
006890,1560.0,818.3333333333334,5.38
003240,,181336.0,
011280,,181.66666666666666,
004100,,-372.3333333333333,
004105,,-372.3333333333333,
009410,2219.0,3817.6666666666665,11.31
009415,2219.0,3817.6666666666665,11.31
001420,,26.0,
007980,,-104.33333333333333,
055490,,2852.3333333333335,
078000,,273.3333333333333,
214420,,-873.6666666666666,
019180,,337.6666666666667,
363280,,14962.0,
36328K,,14962.0,
091810,408.0,-1083.3333333333333,2.22
004870,,-732.0,
005690,,106.0,
036580,,65.66666666666667,
004720,,966.3333333333334,
028670,609.0,495.0,4.86
010820,,2.3333333333333335,
016800,,3278.6666666666665,
001020,,-241.66666666666666,
090080,,-96.66666666666667,
010770,,-751.3333333333334,
058430,4500.0,6190.666666666667,5.77
047050,4420.0,2185.0,7.31
003670,1696.0,1271.0,89.11
017810,559.0,262.0,7.09
103140,5948.0,3958.6666666666665,5.19
005810,6916.0,6607.666666666667,4.14
950210,,-1332.3333333333333,
009810,,-71.33333333333333,
086790,12573.0,9498.0,
293480,1328.0,1335.6666666666667,6.7
039130,2481.0,-5275.333333333333,14.47
352820,7143.0,2997.0,20.13
071090,,171.66666666666666,
019490,,-3329.3333333333335,
000080,621.0,543.0,8.26
000087,621.0,543.0,8.26
000140,,1065.6666666666667,
000145,,1065.6666666666667,
152550,,,
036460,2330.0,2951.6666666666665,12.8
005430,,-2942.0,
071050,14105.0,18798.333333333332,
071055,14105.0,18798.333333333332,
010040,,136.66666666666666,
025540,6855.0,4884.333333333333,4.16
010100,,454.6666666666667,
004090,985.0,269.6666666666667,9.65
002200,,352.0,
002960,,18226.333333333332,
000240,2202.0,1750.3333333333333,
123890,1210.0,877.3333333333334,
015760,-9523.0,-2938.3333333333335,19.6
006200,,37.0,
027970,,261.6666666666667,
023350,,494.3333333333333,
025890,,-492.6666666666667,
000970,,1468.0,
104700,1910.0,780.6666666666666,-2.03
017960,408.0,678.0,14.87
161890,2973.0,3284.3333333333335,8.15
024720,,1565.3333333333333,
161390,6322.0,3713.6666666666665,3.18
034830,,438.6666666666667,
007280,,40.333333333333336,
168490,,,
047810,2088.0,1056.6666666666667,11.28
123690,,-665.6666666666666,
003350,,-493.3333333333333,
011500,,909.3333333333334,
002390,,1578.6666666666667,
053690,2464.0,1404.0,5.47
042700,1987.0,566.0,151.94
008930,,458.6666666666667,
128940,10647.0,3478.3333333333335,13.93
009240,-704.0,2319.0,19.66
020000,3334.0,3856.0,1.87
003680,,-1237.3333333333333,
105630,2831.0,851.6666666666666,5.37
069640,,-2524.3333333333335,
016450,,956.6666666666666,
010420,,155.66666666666666,
009180,,462.0,
213500,756.0,1582.0,6.63
014680,9083.0,10536.0,13.07
004710,,253.0,
004150,619.0,892.0,1.21
025750,,6.0,
004960,950.0,6516.0,18.76
011700,,94.33333333333333,
001750,,3710.3333333333335,
001755,,3710.3333333333335,
018880,304.0,460.6666666666667,7.66
009420,157.0,305.0,151.19
014130,,164.33333333333334,
300720,,1302.3333333333333,
002220,,91.0,
006390,,2833.3333333333335,
003300,,1144.6666666666667,
051600,3058.0,2511.6666666666665,6.27
052690,1017.0,549.3333333333334,37.39
130660,,400.0,
002320,1851.0,3648.0,7.76
003480,,225.0,
180640,4116.0,-2770.6666666666665,53.94
18064K,4116.0,-2770.6666666666665,53.94
005110,,-1237.6666666666667,
009460,,184.33333333333334,
372910,,588.3333333333334,
000880,9871.0,4290.333333333333,3.13
00088K,9871.0,4290.333333333333,3.13
452260,,,
45226K,,,
451800,,0.0,
088350,1151.0,573.6666666666666,
000370,,334.3333333333333,
009830,1226.0,1246.6666666666667,7.85
009835,1226.0,1246.6666666666667,7.85
272210,1749.0,672.6666666666666,11.91
012450,17815.0,3310.6666666666665,7.92
042660,-433.0,-4362.333333333333,238.47
000885,9871.0,4290.333333333333,3.13
003530,,489.3333333333333,
003535,,489.3333333333333,
195870,5280.0,2344.6666666666665,5.44
101530,,-87.33333333333333,
143210,,-924.0,
000720,5222.0,2800.3333333333335,0.81
000725,5222.0,2800.3333333333335,0.81
453340,1713.0,,3.15
086280,29883.0,16812.333333333332,2.99
064350,1327.0,-1078.0,13.77
079430,-97.0,966.6666666666666,
012330,37825.0,21589.0,5.12
010620,-583.0,-1051.0,-207.25
069960,7684.0,6464.333333333333,4.51
004560,,2527.6666666666665,
004310,,2.3333333333333335,
017800,,2109.6666666666665,
307950,5461.0,2728.0,12.9
011210,3562.0,2188.0,3.99
004020,5912.0,2619.0,5.18
005440,9869.0,578.0,10.62
005380,45353.0,11250.0,6.42
005387,45353.0,11250.0,6.42
005389,45353.0,11250.0,6.42
005385,45353.0,11250.0,6.42
001500,,2511.6666666666665,
011760,6716.0,2606.6666666666665,5.63
227840,,1482.6666666666667,
126560,,300.0,
001450,12669.0,3854.0,
057050,14083.0,8265.0,5.79
093240,,66.66666666666667,
003010,,402.3333333333333,
111110,,-114.0,
008770,3521.0,-721.6666666666666,12.34
008775,3521.0,-721.6666666666666,12.34
002460,3488.0,1894.0,5.91
378850,,525.0,
241590,-89.0,528.3333333333334,9.27
006060,,567.6666666666666,
013520,,-347.6666666666667,
010690,2703.0,-221.66666666666666,3.71
133820,,-233.0,
010660,,-80.33333333333333,
000850,,3224.6666666666665,
016580,1398.0,1231.6666666666667,6.45
032560,,1289.6666666666667,
004800,1076.0,7700.0,12.41
094280,,1018.3333333333334,
298040,16644.0,1735.0,7.53
298050,18061.0,13452.0,8.22
298020,23994.0,77042.66666666667,6.16
298000,-85776.0,14066.666666666666,26.82
093370,-220.0,146.33333333333334,48.69
081660,2141.0,3507.6666666666665,6.32
005870,,645.0,
079980,,826.6666666666666,
005010,,268.0,
000540,,630.3333333333334,
000545,,630.3333333333334,
003280,,-1437.6666666666667,
